ID,URL,Number of Prompts
1,https://chat.openai.com/share/90ebe55e-bd60-47cf-b290-272980b7495e,6
2,https://chat.openai.com/share/9d1a293d-d357-4913-b20d-9e308bf9c7c9,3
3,https://chat.openai.com/share/795ad36a-0a38-431d-963f-fbd2ef14e44c,1
4,https://chat.openai.com/share/c89e041e-ea23-42f9-972f-8543f4407db7,8
5,https://chat.openai.com/share/05af05bc-82c7-4f18-9873-2cc3b3a595fe,3
6,https://chat.openai.com/share/0f8a3cf0-8199-4d7e-81c4-b49c4b4f25e5,1
7,https://chat.openai.com/share/76af53fb-7cc5-4f5c-acd5-7fd1c2ad26cf,20
8,https://chat.openai.com/share/be79a950-1231-4e55-aae0-2a90d8962d1d,3
9,https://chat.openai.com/share/67ff0200-dad4-48f2-884e-ccada57974f6,3
10,https://chat.openai.com/share/e4e17d6b-e664-44c1-b4bd-220ad8cb0df3,7
11,https://chat.openai.com/share/7a56efac-27c4-4bac-a3cd-e11588e66dfd,10
12,https://chat.openai.com/share/beca8c14-7645-4e45-9d2f-4ee5879e1a35,1
13,https://chat.openai.com/share/bbf03be2-dc7b-4451-a614-1a542af33712,8
14,https://chat.openai.com/share/132f9bdd-f09c-4ffa-ae80-28c04d5fc484,2
15,https://chat.openai.com/share/e1f4926f-14c2-49d2-937e-3af9e65fc96c,1
16,https://chat.openai.com/share/91537f79-b48a-4b50-b109-12f94405f7b5,16
17,https://chat.openai.com/share/65d3e63b-7618-4522-a436-e88964f4d293,20
18,https://chat.openai.com/share/a66b761a-2a83-4673-937f-a20d1c174d2a,10
19,https://chat.openai.com/share/d9eec2fb-35d1-4135-ae96-17738c69ee63,4
20,https://chat.openai.com/share/d8e1b2a0-8413-4635-83e3-8ef3f7b65432,25
21,https://chat.openai.com/share/3f347f56-d35f-41b2-bbf5-2d66fcd79475,1
22,https://chat.openai.com/share/4fe883a7-5b0f-46a5-a168-3e21a61e6521,10
23,https://chat.openai.com/share/336b057b-3049-4246-a9d7-77231cc89785,27
24,https://chat.openai.com/share/b44935b7-e419-4dc1-b036-3b23abbbc399,1
25,https://chat.openai.com/share/336b057b-3049-4246-a9d7-77231cc89785,27
26,https://chat.openai.com/share/3a4e9c46-3d2f-4822-971f-dde938aa1685,1
27,https://chat.openai.com/share/dc9ea874-dd6c-4d1c-8370-8b28721b0f8a,5
28,https://chat.openai.com/share/de9540bf-e169-4154-a784-9889607a8c2d,1
29,https://chat.openai.com/share/642d5e08-007a-494f-9d68-9a0d1c4909b3,1
30,https://chat.openai.com/share/68eb435d-6c58-4898-b97c-b70e2589f03f,1
31,https://chat.openai.com/share/a2f5c3ea-c40f-43cb-a86b-402d46b45049,1
32,https://chat.openai.com/share/535249ac-e8ad-47d4-b0c2-c16088eab76c,2
33,https://chat.openai.com/share/dabca582-6dee-4491-8aa1-7c2f788a5678,1
34,https://chat.openai.com/share/7ee72b63-3cab-4b96-8688-78ad09551b3e,1
35,https://chat.openai.com/share/f30b1cb9-6f7c-4cc0-a514-0bddd28d5eca,4
36,https://chat.openai.com/share/828c0bb5-e81d-47d6-9e2f-96814e2a7dec,2
37,https://chat.openai.com/share/35fbcf4b-b8db-4e54-a98e-5011c5fc9cdd,2
38,https://chat.openai.com/share/077b8522-35f5-4aef-8d92-957f0b7e7a0f,1
39,https://chat.openai.com/share/404d0e79-0e67-48d7-bac3-27e3209a237d,1
40,https://chat.openai.com/share/aafa7c58-fc0e-48a4-b386-3a7969baf99e,2
41,https://chat.openai.com/share/f4c086a1-c024-4000-8a92-69d968a5ffa4,1
42,https://chat.openai.com/share/83b2be4d-f0ad-4a18-92a7-deae600ad491,1
43,https://chat.openai.com/share/6cd262f6-a62d-46d9-b677-e2ac67924735,1
44,https://chat.openai.com/share/f488f4f4-a9ea-465a-92c9-fc7b349d79d2,1
45,https://chat.openai.com/share/4254d06b-c649-4d19-b346-1cd123deb349,1
46,https://chat.openai.com/share/d2d63aa9-cdc0-4a47-ad1d-c5dd8140ad60,1
47,https://chat.openai.com/share/3142290e-1055-4e58-80db-fb78a81afbb6,1
48,https://chat.openai.com/share/72618944-4c7b-4b72-9089-67f16ed6aa89,1
49,https://chat.openai.com/share/0e299c39-3c92-4336-a072-57ad27da9f65,1
50,https://chat.openai.com/share/a881a821-9f4d-46c9-8c3a-c952fc18f901,1
51,https://chat.openai.com/share/e1f03f45-7d06-4d61-b32c-53b303831320,1
52,https://chat.openai.com/share/015724cc-a808-4827-b585-fa3363796b1f,1
53,https://chat.openai.com/share/c4282ca4-503d-4e77-baf5-0ea442b68077,1
54,https://chat.openai.com/share/d25bd7d3-a772-4a5e-8759-414454681037,1
55,https://chat.openai.com/share/805fae2c-0fba-4c87-839a-ebc5227a3f97,2
56,https://chat.openai.com/share/5fcc9e45-d90b-4d3d-b372-2d9252eb72ef,1
57,https://chat.openai.com/share/90affe10-f368-47fd-8524-c6886a158892,1
58,https://chat.openai.com/share/47891d03-89f0-4dac-91cc-4ee74683ab07,1
59,https://chat.openai.com/share/ee093bc7-a3c5-4bde-abd7-5b02b79b3f43,1
60,https://chat.openai.com/share/00f96355-371a-467b-9489-24ae4e60d3a3,1
61,https://chat.openai.com/share/a81778df-eb6c-480a-919d-93ca637245ea,1
62,https://chat.openai.com/share/a81778df-eb6c-480a-919d-93ca637245ea,1
63,https://chat.openai.com/share/ab3914b9-51c2-4e7d-ac8e-11a5770e9213,1
64,https://chat.openai.com/share/bd13d26b-a351-4ed5-a2ca-d6686111cfea,5
65,https://chat.openai.com/share/cf5d3967-73f8-4ee7-9682-faf331651921,1
66,https://chat.openai.com/share/933ed51f-e6dc-4edc-9fd7-97659d3b76db,2
67,https://chat.openai.com/share/8291bd95-3f9e-4c6a-a923-2e7d208e39be,1
68,https://chat.openai.com/share/e86119fc-3f77-48d3-b3f9-2e7b06019e9d,1
69,https://chat.openai.com/share/3e2a09f4-0c76-4a57-a581-f98a4f824262,1
70,https://chat.openai.com/share/30c97365-704b-4731-a467-98cd21aadbe9,1
71,https://chat.openai.com/share/eae5c1b1-95be-433e-b455-597b8b9fc3b3,1
72,https://chat.openai.com/share/452d8999-268d-4197-943e-fa6bc90ba26e,1
73,https://chat.openai.com/share/49354303-aa21-43c8-ba4e-e48cf3918df8,1
74,https://chat.openai.com/share/0009359a-f33c-4da4-98fa-8733c354ea33,2
75,https://chat.openai.com/share/fbda85f8-f524-4763-8858-c4294daa7be8,1
76,https://chat.openai.com/share/c8be7d22-e7e6-48c3-83e4-b4b75e0db58f,1
77,https://chat.openai.com/share/b4bd2425-4238-4078-8963-5db75323ec49,1
78,https://chat.openai.com/share/0bc5c1d5-f736-444a-a1c6-c8560afff010,1
79,https://chat.openai.com/share/f8029200-a2eb-44f0-b42c-7dd10873855a,1
80,https://chat.openai.com/share/cec8ba88-bcc7-4e67-9910-50d6bbb0f976,1
81,https://chat.openai.com/share/0df1cc4c-8454-457a-9cb2-d12298848036,1
82,https://chat.openai.com/share/20b55139-fa54-46a7-8b47-b997273d61e5,1
83,https://chat.openai.com/share/76c73bf3-59e4-45bd-ad42-b2e8176d56be,3
84,https://chat.openai.com/share/4ff45953-7871-407e-ac58-989297b3793a,1
85,https://chat.openai.com/share/a784f3e5-1e66-4249-a5e7-96ccf499d045,1
86,https://chat.openai.com/share/25174ecc-834f-4c2c-97dd-ccd7e1671a9e,1
87,https://chat.openai.com/share/6a2762f6-d0f0-4e9e-9c97-7546354a86b7,3
88,https://chat.openai.com/share/d09d47ad-3859-4404-957a-790207020dda,1
89,https://chat.openai.com/share/4fd15898-4978-430e-b105-dc8d1683c9c5,1
90,https://chat.openai.com/share/c94d2481-7aaf-45a7-b841-f5d691d9d5f5,3
91,https://chat.openai.com/share/01163fbd-cb50-491d-ae84-7ee81ad9c83a,1
92,https://chat.openai.com/share/937d8682-300c-4e1f-84e5-607425cc4b21,1
93,https://chat.openai.com/share/c80b6c0f-6175-455e-a8c1-464960bd9f8b,1
94,https://chat.openai.com/share/9250d502-b1f4-453f-8e5e-434ba3c48fb1,1
95,https://chat.openai.com/share/3966ead5-9fe8-40f8-b543-11428ed2f84a,1
96,https://chat.openai.com/share/1fa934a5-a546-4484-8a6b-b145f44c6a96,1
97,https://chat.openai.com/share/e2240380-6360-4230-b377-c5c6b5c93e77,1
98,https://chat.openai.com/share/00b111a5-00b5-4689-9b0f-2a47408621c6,1
99,https://chat.openai.com/share/5db10c5e-b00e-420f-afac-8a174ab1718d,1
100,https://chat.openai.com/share/be4261fb-3f49-42c1-baf9-2601b7f000f5,1
101,https://chat.openai.com/share/a873c71e-d721-4d4c-b219-6981986a42ff,1
102,https://chat.openai.com/share/524146cc-2dee-4a6b-91d9-a66597c45c1a,1
103,https://chat.openai.com/share/cf041a6e-767a-46ed-9ab0-d50bc66361ee,1
104,https://chat.openai.com/share/bf149e10-1fbc-4c21-b569-c2b8e5269b22,2
105,https://chat.openai.com/share/d4c57328-b99d-4c8e-83c4-197b92d350f0,1
106,https://chat.openai.com/share/f6b29974-d288-48f3-832c-ef85ffe88d3a,1
107,https://chat.openai.com/share/7d39096d-c165-4ee7-957f-0bfcc8590298,1
108,https://chat.openai.com/share/745b062b-d78a-43c1-a088-2dc4479a8971,2
109,https://chat.openai.com/share/a05047c9-d832-464e-9a8d-f215e091f688,1
110,https://chat.openai.com/share/608abfec-d6c0-4d80-ac5d-21a1678fdd4f,1
111,https://chat.openai.com/share/833d5348-c5ce-4586-8bca-67fe9b80f74a,1
112,https://chat.openai.com/share/dd3d1664-619a-4288-b858-288001d9d72e,4
113,https://chat.openai.com/share/d6ae76cc-e1fd-4c8a-8ba8-20e2e2168178,1
114,https://chat.openai.com/share/5dd2b21a-f706-49a4-b0aa-e6aa0b342b53,3
115,https://chat.openai.com/share/818d5139-d5a2-48ec-80a7-9d2d223ea729,3
116,https://chat.openai.com/share/e2b8c622-6a3f-417d-9142-fbf60643a965,3
117,https://chat.openai.com/share/53609079-779c-4030-8b9d-2bac1fd73223,1
118,https://chat.openai.com/share/c17b726f-0096-4389-96ad-d9cf62810e6e,1
119,https://chat.openai.com/share/dde8c893-2189-4664-b1bf-fcbf0152fadc,4
120,https://chat.openai.com/share/110c1fd3-eca3-48fa-80eb-e851973efb0d,1
121,https://chat.openai.com/share/f61bd6e5-cb6e-4914-8cf7-73660b1de5e3,1
122,https://chat.openai.com/share/58849a51-f255-432b-aa15-945c4de44bb8,1
123,https://chat.openai.com/share/75635252-c028-4010-bdc6-bed3144eccdf,
124,https://chat.openai.com/share/43adc1d1-4633-442d-a1c3-93e554678850,3
125,https://chat.openai.com/share/3d035228-fc8c-4051-9f20-7945c3864879,2
126,https://chat.openai.com/share/cf78b285-4502-492b-838a-4b74e2c87d6e,3
127,https://chat.openai.com/share/9202c772-3173-4a9d-916f-3e527294d2dd,4
128,https://chat.openai.com/share/9db511de-e30a-4ac3-afa2-6a4d3bbafe24,2
129,https://chat.openai.com/share/242998b2-f863-45b2-8ba9-ff7150489014,1
130,https://chat.openai.com/share/c7970fe0-5888-4341-bdf5-6fd1eb5f500a,1
131,https://chat.openai.com/share/fa41e3e3-dc53-4074-b7a9-58139e06e0de,4
132,https://chat.openai.com/share/a7dbd880-e488-40e9-8141-c0d46dc1b8c6,2
133,https://chat.openai.com/share/7aa06d1a-ed8f-4f24-99df-0f57d409150e,4
134,https://chat.openai.com/share/510229e5-8eeb-49ba-b02a-b66c5587817c,2
135,https://chat.openai.com/share/14c53094-53a2-4e14-9366-bfecc0017295,1
136,https://chat.openai.com/share/f7d80da3-2bb5-4b21-a407-9cda89c62f20,1
137,https://chat.openai.com/share/cc7ab8cf-840f-40e3-bcdd-201549a7dbfb,1
138,https://chat.openai.com/share/fa846dac-6068-4386-b3e7-b75f1248ec82,2
139,https://chat.openai.com/share/9820791f-18e9-4212-9a47-2a7d3c228729,2
140,https://chat.openai.com/share/62ebdcd3-b738-4ccf-9b7d-7722e25ef20f,1
141,https://chat.openai.com/share/70f44ec0-1aad-4c8d-a3c2-98bdfb698f8e,1
142,https://chat.openai.com/share/e09049b3-f29d-4500-960b-d7f3e557d347,1
143,https://chat.openai.com/share/2b402060-2cb3-4424-af25-970abeaada2d,1
144,https://chat.openai.com/share/8f0ec562-aa19-44c8-b8df-e47e754957c4,1
145,https://chat.openai.com/share/b353bc2f-6c1b-4b9c-8b9e-fbba0dd43c60,1
146,https://chat.openai.com/share/8685f751-00c8-4a20-9ba8-bfeedc66c6a8,1
147,https://chat.openai.com/share/51f3cc36-f90c-4efd-b422-879fb42f650a,1
148,https://chat.openai.com/share/f25b838e-709d-4c53-8f13-45693e7d38bb,1
149,https://chat.openai.com/share/fe73212e-eceb-48c8-8e99-2ec57c6dd957,1
150,https://chat.openai.com/share/05fda0e3-7975-450e-ab15-8e5d9da67372,1
151,https://chat.openai.com/share/e2eccb3e-3852-4e61-8752-010ff57b7626,1
152,https://chat.openai.com/share/d5a744b8-20fa-4ceb-9896-114758537080,1
153,https://chat.openai.com/share/32ccb76b-5f0a-4c01-a86d-870730975d09,1
154,https://chat.openai.com/share/e6d1c732-0020-49e6-8deb-f30908c792c2,7
155,https://chat.openai.com/share/e5b0fb97-2fba-49bd-a494-38fbb6399ecf,1
156,https://chat.openai.com/share/008ea3c2-4cf5-4f72-bb36-4db8d7dbaf9a,2
157,https://chat.openai.com/share/0ca292c5-6810-4796-9b25-5c0e86e45a4f,3
158,https://chat.openai.com/share/bf883d40-f6a5-4cf9-bf9b-dc5d1a794823,2
159,https://chat.openai.com/share/ea248f37-bbc2-476e-96dd-1431a6874ee0,1
160,https://chat.openai.com/share/d96fc2f1-f6a2-4b1f-84fa-17ae48d58356,1
161,https://chat.openai.com/share/c52f0f7b-940f-448c-950b-f0c8e28bf0ca,1
162,https://chat.openai.com/share/0dea3330-d9b7-4c0c-a2df-48e518c144d7,3
163,https://chat.openai.com/share/83c3fd12-fe7e-444f-bb86-214852c8a8ea,1
164,https://chat.openai.com/share/539eeeb1-49f0-4538-bdd2-b264ae4fff3f,4
165,https://chat.openai.com/share/608ed300-6714-4c74-be6e-022e80b05207,5
166,https://chat.openai.com/share/3b34f31e-54cf-471b-919f-3e592b3cf08b,1
167,https://chat.openai.com/share/5f448615-a1ab-47b0-9590-eb402310897c,2
168,https://chat.openai.com/share/60b6257d-8270-439a-aec6-76bb8642f337,1
169,https://chat.openai.com/share/3e018ae9-1e62-4dd2-bfd5-75c6ad8f0546,3
170,https://chat.openai.com/share/6853cfa0-85b8-487f-b28e-517d937b2235,1
171,https://chat.openai.com/share/9ae97584-86e5-4bff-8ed2-271b88deae89,2
172,https://chat.openai.com/share/c62e6146-3e31-4edf-a08f-d1b6e5492b29,2
173,https://chat.openai.com/share/e948530d-073b-45e9-92ed-6e86d4f0d9d5,1
174,https://chat.openai.com/share/f0a3cda7-f63d-4f0e-b8e4-9a0962442fb0,1
175,https://chat.openai.com/share/770878d5-ad8f-4015-bfe3-c8c756dfec3c,1
176,https://chat.openai.com/share/75fe618c-b376-4cc9-bce2-e4c04d575751,1
177,https://chat.openai.com/share/f7cd60bc-57e9-4035-ab03-55146986f7ba,1
178,https://chat.openai.com/share/1fa9f3fb-476d-4073-9057-7af7a0c0b2ce,4
179,https://chat.openai.com/share/cc7ea8e0-1d19-43d7-a069-2e8578344939,3
180,https://chat.openai.com/share/d7c957e5-0750-42b1-ac51-5d20bea54e34,1
181,https://chat.openai.com/share/14ec8acf-7a4f-4058-aa2c-a9a22789d8f2,5
182,https://chat.openai.com/share/274d0079-d961-4526-8137-92e912f289eb,2
183,https://chat.openai.com/share/e55d0fc9-fedf-445c-8fae-50d0253f4c5d,4
184,https://chat.openai.com/share/19ad33f8-c595-4fd7-8ddf-272e56e1337d,2
185,https://chat.openai.com/share/a87f8a40-e635-4624-a563-3e00cd1c2d62,3
186,https://chat.openai.com/share/cbcf1cae-b0a6-485c-aa78-3c7f7cefe664,2
187,https://chat.openai.com/share/e07a08b6-a9fd-40b4-ad29-55e90dbcbe9b,2
188,https://chat.openai.com/share/e07a08b6-a9fd-40b4-ad29-55e90dbcbe9b,2
189,https://chat.openai.com/share/e8a5d2f0-1f5f-47f5-b427-11bb5540c449,
190,https://chat.openai.com/share/9adcbe3c-a5a7-4924-b987-4dfa8d3467f1,2
191,https://chat.openai.com/share/b57dcf05-9dc9-4bd7-b71c-42301c630ab1,1
192,https://chat.openai.com/share/c99155e9-2367-4d36-ae33-404d32957b87,15
193,https://chat.openai.com/share/68afc778-e3ea-4710-9ca9-886e76743b69,1
194,https://chat.openai.com/share/43909dc8-030a-49c1-85de-ae0da9c0c4fb,2
195,https://chat.openai.com/share/30732c6e-876b-4771-a7e2-55329d0e595f,1
196,https://chat.openai.com/share/1d5f665e-db04-42f9-8b5d-b7b3ca9323f2,2
197,https://chat.openai.com/share/1d1889e2-6d41-4fb2-8ada-f9e8858fa257,2
198,https://chat.openai.com/share/dbd163f7-aa90-4351-a9a7-a2deb906120e,8
199,https://chat.openai.com/share/e9f4664e-50a5-40c1-8604-befe89a2dd36,5
200,https://chat.openai.com/share/e9f4664e-50a5-40c1-8604-befe89a2dd36,5
